  <odoo>
    <record id="email_template_purchase_request_approved" model="mail.template">
        <field name="name">Purchase Request Approved Notification</field>
        <field name="model_id" ref="model_purchase_request"/>
        <field name="subject">Purchase Request ${object.name} Approved</field>
        <field name="email_from">${user.email|safe}</field>
        <field name="email_to">

        </field>
        <field name="body_html"><![CDATA[
            <p>Hello,</p>
            <p>The Purchase Request <b>${object.name}</b> has been approved.</p>
            <p>Total Price: ${object.total_price}.</p>
            <p>Best regards,</p>
            <p>${user.name}</p>
        ]]></field>
        <field name="auto_delete" eval="True"/>
    </record>
</odoo>